<?xml version="1.0" standalone="no" ?>
<!-- created with "Manifest Maker for ADL SCORM 1.2 Version 2.0.0" for Dreamweaver,
 on Thu Feb 21 2013 12:00:33 GMT+0530 (India Standard Time) -->

<manifest identifier="AMEA-MANIFEST" version="1.0"
  xmlns="http://www.imsproject.org/xsd/imscp_rootv1p1p2"
  xmlns:adlcp="http://www.adlnet.org/xsd/adlcp_rootv1p2"
  xmlns:xsi="http://www.w3.org/2001/XMLSchema-instance"
    xsi:schemaLocation="http://www.imsproject.org/xsd/imscp_rootv1p1p2 imscp_rootv1p1p2.xsd
                        http://www.imsglobal.org/xsd/imsmd_rootv1p2p1 imsmd_rootv1p2p1.xsd
                        http://www.adlnet.org/xsd/adlcp_rootv1p2 adlcp_rootv1p2.xsd" >

<metadata>
<schema>ADL SCORM</schema>
<schemaversion>1.2</schemaversion>
<adlcp:location>imsmetadata.xml</adlcp:location>
</metadata>
 
<organizations default="TOC1">
<organization identifier="TOC1">
<title>Time Management</title >
<item identifier="I_SCO0" identifierref="SCO0">
<title>Time Management</title>
</item>
</organization>
</organizations>

<resources>
<resource identifier="SCO0" type="webcontent" adlcp:scormtype="sco" href="index.html">
<file href="index.html" />
<dependency identifierref="ALLRESOURCES" />
</resource>

<resource identifier="ALLRESOURCES" type="webcontent" adlcp:scormtype="asset">
			<file href="scripts/APIWrapper.js"/>
			<file href="scripts/LMSWrapper.js"/>
			<file href="adlcp_rootv1p2.xsd" />
			<file href="ims_xml.xsd" />
			<file href="imscp_rootv1p1p2.xsd" />
			<file href="imsmanifest.xml" />
			<file href="imsmd_rootv1p2p1.xsd" />
			<file href="index.html"/>
			<file href="course/help.html"/>
			<file href="course/home.html"/>
			<file href="course/intro.html"/>
			<file href="images/launchImg.png"/>
</resource>

</resources>

</manifest>